genes,model_results_hr,model_results_hr_lci,model_results_hr_uci
14386,ZMYND15,2.344309e-09,1.422974e-09,3.862181e-09
11575,SIDT2,6.476068e-02,8.778883e-03,4.777311e-01
11359,SEPP1,6.575403e-02,9.066876e-03,4.768558e-01
10335,RAB20,6.686077e-02,9.111157e-03,4.906471e-01
13196,TNFSF8,6.832182e-02,8.852104e-03,5.273178e-01
2498,CD84,7.159383e-02,9.307721e-03,5.506907e-01
11770,SLC31A2,7.222285e-02,9.595212e-03,5.436191e-01
11480,SFTPB,7.390457e-02,9.938996e-03,5.495409e-01
10561,RBP1,7.462196e-02,1.066442e-02,5.221509e-01
13139,TMOD2,8.213898e-02,1.110349e-02,6.076298e-01
2556,CDH23,8.358884e-02,1.091327e-02,6.402386e-01
8703,NPL,1.291683e-01,2.881911e-02,5.789370e-01
5411,GPD1L,1.358754e-01,3.160807e-02,5.840950e-01
2426,CD101,1.364176e-01,3.160867e-02,5.887548e-01
9120,PARVG,1.396500e-01,3.190580e-02,6.112405e-01
8235,MYL6,1.409021e-01,3.188915e-02,6.225757e-01
3788,DNASE1L3,1.418930e-01,3.352488e-02,6.005577e-01
1185,BEX4,1.435865e-01,3.451978e-02,5.972546e-01
3342,CXCR2,1.456225e-01,3.461118e-02,6.126900e-01
8315,NAIP,1.458336e-01,3.303597e-02,6.437660e-01
3210,CSF2RB,1.489314e-01,3.373588e-02,6.574769e-01
10718,RIC3,1.502641e-01,3.452323e-02,6.540317e-01
5149,GBGT1,1.505979e-01,3.548957e-02,6.390534e-01
1700,C1orf38,1.515318e-01,3.540172e-02,6.486095e-01
9734,PNRC2,1.517256e-01,3.397464e-02,6.775833e-01
4909,FMNL3,1.529668e-01,3.475823e-02,6.731887e-01
10488,RASGRP2,1.534738e-01,3.502990e-02,6.724031e-01
2902,CLPTM1L,1.550302e-01,3.506299e-02,6.854626e-01
974,ATP6V0E1,1.552586e-01,3.646870e-02,6.609841e-01
13974,WAPAL,1.556264e-01,3.896582e-02,6.215597e-01
6486,KBTBD8,1.558903e-01,3.565289e-02,6.816218e-01
3718,DMD,1.559265e-01,3.597368e-02,6.758574e-01
4758,FCGRT,1.567027e-01,3.867579e-02,6.349122e-01
4582,FAM49A,1.568317e-01,3.674181e-02,6.694329e-01
2496,CD82,1.582736e-01,3.796659e-02,6.598048e-01
4383,F13A1,1.593699e-01,3.869524e-02,6.563793e-01
11762,SLC2A9,1.594799e-01,3.788363e-02,6.713679e-01
6463,KAL1,1.595149e-01,3.664896e-02,6.942896e-01
7984,MR1,1.604342e-01,3.763342e-02,6.839437e-01
3143,CR1,1.610167e-01,3.523313e-02,7.358523e-01
2704,CFP,1.618983e-01,3.746510e-02,6.996123e-01
12516,SYS1,1.624371e-01,3.799383e-02,6.944759e-01
2441,CD200R1,1.627580e-01,3.795164e-02,6.979978e-01
9947,PPT1,1.632566e-01,3.785765e-02,7.040245e-01
1404,C11orf92,1.632845e-01,3.591696e-02,7.423189e-01
9513,PIK3R5,1.637776e-01,3.855740e-02,6.956668e-01
8078,MS4A15,1.645065e-01,4.007092e-02,6.753626e-01
2412,CCR6,1.647695e-01,3.625990e-02,7.487328e-01
5229,GIMAP2,1.672583e-01,3.853710e-02,7.259326e-01
12071,SNX2,1.680665e-01,3.932783e-02,7.182277e-01
12485,SV2B,1.684696e-01,3.964219e-02,7.159544e-01
6405,ITM2A,1.697645e-01,3.886625e-02,7.415168e-01
1345,C10orf128,1.711236e-01,3.964262e-02,7.386821e-01
11562,SHOC2,1.711678e-01,4.125180e-02,7.102340e-01
2438,CD1C,1.729536e-01,3.680808e-02,8.126731e-01
6034,HSPB6,1.737680e-01,4.100782e-02,7.363307e-01
8970,OSM,1.801492e-01,4.236626e-02,7.660280e-01
5037,FXYD6,1.816045e-01,4.501472e-02,7.326536e-01
151,ACSF2,1.866427e-01,4.280921e-02,8.137385e-01
9118,PARVA,1.894766e-01,4.638013e-02,7.740679e-01
9031,PACSIN1,2.056089e-01,5.887174e-02,7.180866e-01
10288,PXMP4,2.088433e-01,4.623222e-02,9.434010e-01
11463,SFRS2IP,2.100785e-01,6.419851e-02,6.874454e-01
9985,PREX1,2.104972e-01,6.130812e-02,7.227279e-01
9613,PLCL1,2.122500e-01,5.977575e-02,7.536511e-01
5856,HLA-DRB5,2.139697e-01,6.267135e-02,7.305257e-01
2200,CASZ1,2.156432e-01,6.490845e-02,7.164245e-01
9628,PLEKHA2,2.174547e-01,6.249339e-02,7.566647e-01
1900,C5orf42,2.182334e-01,6.928440e-02,6.873960e-01
4089,EIF2C4,2.183269e-01,6.495910e-02,7.337947e-01
2875,CLEC7A,2.188211e-01,6.443686e-02,7.430944e-01
4796,FGD2,2.201011e-01,6.436598e-02,7.526415e-01
38,ABCB1,2.214973e-01,6.597422e-02,7.436397e-01
8252,MYO1F,2.217579e-01,6.440561e-02,7.635450e-01
9507,PIK3CG,2.219973e-01,6.500152e-02,7.581790e-01
2865,CLEC12A,2.226604e-01,6.377917e-02,7.773330e-01
3396,CYP2B7P1,2.229069e-01,6.576036e-02,7.555844e-01
1317,BTK,2.246154e-01,6.577821e-02,7.670029e-01
2811,CIITA,2.250181e-01,6.569476e-02,7.707335e-01
3332,CXCL16,2.251607e-01,7.040861e-02,7.200444e-01
8528,NFATC2,2.259681e-01,6.852912e-02,7.451076e-01
2872,CLEC4A,2.263671e-01,6.756708e-02,7.583880e-01
12324,STAB1,2.263744e-01,6.763514e-02,7.576738e-01
7784,MFSD1,2.266942e-01,6.800382e-02,7.556969e-01
7986,MRAS,2.270772e-01,6.788012e-02,7.596344e-01
6233,IL7R,2.273086e-01,6.677372e-02,7.737952e-01
6182,IL10RA,2.273524e-01,6.621144e-02,7.806673e-01
10286,PXK,2.278689e-01,6.769310e-02,7.670534e-01
3374,CYBB,2.281747e-01,6.634927e-02,7.846916e-01
9266,PDE5A,2.291490e-01,6.875903e-02,7.636706e-01
11089,RXRA,2.293102e-01,6.458900e-02,8.141195e-01
2718,CHAD,2.295785e-01,6.777571e-02,7.776571e-01
978,ATP6V1B2,2.296484e-01,6.831334e-02,7.720074e-01
972,ATP6V0D1,2.297141e-01,6.876305e-02,7.673972e-01
4259,ERAP1,2.297497e-01,6.796951e-02,7.765970e-01
12895,TLR7,2.299754e-01,6.846820e-02,7.724561e-01
2409,CCR2,2.300140e-01,6.849476e-02,7.724158e-01
7898,MME,2.302141e-01,6.613971e-02,8.013116e-01
358,AK1,2.304776e-01,6.697207e-02,7.931656e-01
5848,HLA-DPA1,2.305583e-01,6.678672e-02,7.959236e-01
5743,HERC1,2.307249e-01,6.803343e-02,7.824678e-01
11581,SIGLEC1,2.308183e-01,6.742565e-02,7.901604e-01
11141,SAMHD1,2.311276e-01,6.816123e-02,7.837293e-01
9306,PDPN,2.314380e-01,6.581301e-02,8.138749e-01
7108,LOC149620,2.320549e-01,6.824873e-02,7.890178e-01
12318,ST6GALNAC6,2.321797e-01,6.649389e-02,8.107126e-01
4786,FERMT3,2.326049e-01,6.807786e-02,7.947526e-01
63,ABCG2,2.327372e-01,6.708573e-02,8.074239e-01
13965,VTN,2.327409e-01,6.985942e-02,7.753904e-01
4167,EMILIN2,2.333488e-01,7.035223e-02,7.739864e-01
12337,STAP1,2.333987e-01,6.656470e-02,8.183759e-01
11601,SIRPA,2.335415e-01,6.801847e-02,8.018652e-01
7607,MATK,2.336825e-01,7.297056e-02,7.483499e-01
10189,PTGER4,2.337191e-01,6.581681e-02,8.299497e-01
11889,SLCO2B1,2.340615e-01,6.960810e-02,7.870462e-01
12912,TM9SF2,2.341133e-01,7.086009e-02,7.734826e-01
4970,FPR1,2.341818e-01,6.899229e-02,7.948878e-01
2494,CD80,2.341848e-01,6.913359e-02,7.932834e-01
445,ALOX5,2.347777e-01,6.873711e-02,8.019042e-01
5308,GM2A,2.352019e-01,6.593495e-02,8.390080e-01
2459,CD300LF,2.358559e-01,6.795071e-02,8.186521e-01
5218,GGT6,2.361476e-01,7.189086e-02,7.756994e-01
5220,GGTA1,2.365782e-01,6.902064e-02,8.109058e-01
11655,SLC15A3,2.366970e-01,7.129774e-02,7.857959e-01
2204,CAT,2.367364e-01,7.065665e-02,7.931897e-01
216,ADAMTSL1,2.367814e-01,6.592869e-02,8.503949e-01
8111,MT1E,2.370115e-01,7.373178e-02,7.618758e-01
10233,PTPN6,2.371014e-01,6.967794e-02,8.068129e-01
1574,C17orf87,2.372562e-01,6.685415e-02,8.419895e-01
395,ALAD,2.373279e-01,7.051196e-02,7.987937e-01
11746,SLC28A3,2.376788e-01,7.052962e-02,8.009572e-01
6435,JAM2,2.377209e-01,6.917801e-02,8.168956e-01
2478,CD4,2.378754e-01,6.995584e-02,8.088630e-01
4412,FAIM3,2.382007e-01,6.827220e-02,8.310788e-01
7759,METTL7A,2.383739e-01,7.095395e-02,8.008311e-01
6166,IGSF6,2.383966e-01,7.201975e-02,7.891298e-01
9514,PIK3R6,2.384202e-01,6.941576e-02,8.188945e-01
11516,SH2B3,2.385093e-01,6.972023e-02,8.159282e-01
4481,FAM13B,2.386121e-01,7.224484e-02,7.880942e-01
11855,SLC6A12,2.388392e-01,6.957854e-02,8.198529e-01
7578,MARCH1,2.392831e-01,6.959797e-02,8.226731e-01
5845,HLA-DMB,2.393135e-01,6.988690e-02,8.194805e-01
6000,HSD17B4,2.394857e-01,7.066692e-02,8.116020e-01
11115,S1PR4,2.395667e-01,7.035440e-02,8.157583e-01
13193,TNFSF13,2.403635e-01,7.105908e-02,8.130506e-01
11541,SH3TC1,2.406160e-01,7.113072e-02,8.139389e-01
7987,MRC1,2.408691e-01,7.322701e-02,7.923021e-01
611,AP3M1,2.410219e-01,6.919783e-02,8.394998e-01
2188,CASP1,2.412107e-01,7.115939e-02,8.176379e-01
6184,IL11RA,2.412216e-01,6.879919e-02,8.457640e-01
14549,ZNF382,2.418948e-01,7.045797e-02,8.304683e-01
8295,NAALADL1,2.419959e-01,7.266792e-02,8.058854e-01
5846,HLA-DOA,2.422870e-01,6.821501e-02,8.605580e-01
6324,IQGAP2,2.425444e-01,7.318354e-02,8.038391e-01
12064,SNX20,2.425827e-01,6.966070e-02,8.447568e-01
1438,C13orf18,2.432988e-01,7.455875e-02,7.939284e-01
1355,C10orf46,2.433329e-01,7.299501e-02,8.111638e-01
12728,TENC1,2.435279e-01,7.370673e-02,8.046187e-01
465,AMICA1,2.435551e-01,7.100681e-02,8.354000e-01
4688,FBP1,2.436800e-01,7.117361e-02,8.342974e-01
10490,RASGRP4,2.437857e-01,7.313911e-02,8.125813e-01
2410,CCR4,2.443544e-01,7.131118e-02,8.373027e-01
9008,P2RY14,2.444350e-01,7.325081e-02,8.156695e-01
10304,QKI,2.449569e-01,7.184935e-02,8.351349e-01
12284,SSH1,2.451682e-01,7.495750e-02,8.018872e-01
9903,PPP1R16B,2.455674e-01,7.293333e-02,8.268282e-01
80,ABI3,2.455903e-01,7.054185e-02,8.550184e-01
7795,MGAT1,2.456313e-01,7.251673e-02,8.320112e-01
1622,C19orf56,2.457123e-01,7.241373e-02,8.337442e-01
5693,HCK,2.457812e-01,7.271080e-02,8.308036e-01
11012,RRAD,2.460184e-01,7.293420e-02,8.298585e-01
1320,BTN2A2,2.461293e-01,7.171777e-02,8.446952e-01
8082,MS4A6A,2.471553e-01,7.304830e-02,8.362377e-01
3138,CPVL,2.473871e-01,7.274491e-02,8.413010e-01
11678,SLC1A3,2.478209e-01,7.410969e-02,8.287069e-01
6390,ITGB2,2.480211e-01,7.365570e-02,8.351625e-01
5304,GLUL,2.482493e-01,7.266206e-02,8.481418e-01
5401,GPBAR1,2.501312e-01,7.364548e-02,8.495513e-01
7060,LMO2,2.502226e-01,7.034889e-02,8.900120e-01
9882,PPM1M,2.502842e-01,7.487609e-02,8.366113e-01
12892,TLR4,2.503273e-01,7.062235e-02,8.873075e-01
2413,CCR7,2.506879e-01,7.176461e-02,8.757022e-01
8969,OSMR,2.507182e-01,7.444316e-02,8.443974e-01
4055,EGR3,2.507260e-01,7.329354e-02,8.576950e-01
6401,ITIH5,2.510092e-01,7.581467e-02,8.310479e-01
2746,CHI3L1,2.510678e-01,7.801672e-02,8.079683e-01
7923,MNDA,2.511455e-01,7.406196e-02,8.516392e-01
7993,MRGPRF,2.511541e-01,7.440098e-02,8.478165e-01
9738,PODNL1,2.511720e-01,7.409100e-02,8.514850e-01
12475,SUSD2,2.514756e-01,7.159766e-02,8.832689e-01
4054,EGR2,2.515169e-01,8.064405e-02,7.844440e-01
1045,B3GNT2,2.515563e-01,7.564240e-02,8.365751e-01
10475,RASA3,2.517378e-01,7.539991e-02,8.404774e-01
9892,PPP1R12B,2.521216e-01,7.471035e-02,8.508234e-01
9516,PILRA,2.521247e-01,7.266237e-02,8.748250e-01
753,ARHGEF6,2.526373e-01,7.212410e-02,8.849414e-01
6945,LDB1,2.527696e-01,7.380107e-02,8.657392e-01
6584,KIAA0040,2.528333e-01,7.527879e-02,8.491725e-01
2362,CCL14,2.529241e-01,7.560227e-02,8.461464e-01
3350,CXorf21,2.529885e-01,7.435643e-02,8.607617e-01
5345,GNG2,2.533561e-01,7.448192e-02,8.618110e-01
11196,SCARF1,2.534034e-01,7.521231e-02,8.537600e-01
8709,NPR2,2.538799e-01,7.553601e-02,8.533015e-01
7979,MPV17L,2.539579e-01,7.463046e-02,8.641861e-01
10425,RAI2,2.540537e-01,7.807165e-02,8.267184e-01
2440,CD1E,2.543577e-01,7.070116e-02,9.150888e-01
3432,DAB2,2.548361e-01,7.704312e-02,8.429232e-01
5456,GPR34,2.552922e-01,7.574955e-02,8.603895e-01
11838,SLC46A3,2.554729e-01,7.504336e-02,8.697161e-01
9935,PPP3CB,2.556520e-01,7.611247e-02,8.587023e-01
2863,CLEC10A,2.557165e-01,7.469785e-02,8.754057e-01
10708,RHOJ,2.565878e-01,7.673122e-02,8.580246e-01
10605,REEP5,2.566813e-01,7.401847e-02,8.901194e-01
6943,LCP1,2.580723e-01,7.417898e-02,8.978463e-01
6438,JAZF1,2.581506e-01,7.923280e-02,8.410877e-01
5231,GIMAP5,2.588944e-01,7.577732e-02,8.845168e-01
2966,CNRIP1,2.589771e-01,7.569868e-02,8.860015e-01
13540,TTL,2.593680e-01,7.514353e-02,8.952437e-01
3501,DCTN4,2.595134e-01,7.571102e-02,8.895295e-01
12512,SYNPO,2.599995e-01,8.116176e-02,8.329012e-01
9007,P2RY13,2.602186e-01,7.551716e-02,8.966668e-01
4134,ELF5,2.605008e-01,7.560790e-02,8.975343e-01
13134,TMEM9B,2.607014e-01,7.839486e-02,8.669601e-01
4870,FLI1,2.610469e-01,7.512610e-02,9.070813e-01
7341,LRRC8C,2.611132e-01,7.531983e-02,9.052078e-01
3118,CPNE2,2.614521e-01,7.906373e-02,8.645836e-01
9006,P2RY12,2.621378e-01,7.878964e-02,8.721483e-01
9823,POU2F3,2.636669e-01,7.929755e-02,8.767007e-01
12449,SULT1A1,2.651691e-01,7.410476e-02,9.488547e-01
10184,PTEN,2.657851e-01,7.946905e-02,8.889210e-01
2446,CD22,2.665322e-01,7.625180e-02,9.316423e-01
6333,IRAK4,2.666821e-01,8.096475e-02,8.783992e-01
602,AP1S2,2.673731e-01,7.715185e-02,9.265934e-01
1642,C1QTNF1,2.693314e-01,7.848698e-02,9.242221e-01
3492,DCN,2.696250e-01,7.991362e-02,9.097029e-01
3325,CX3CR1,2.704291e-01,8.005625e-02,9.135066e-01
10250,PTPRO,2.706686e-01,8.098875e-02,9.045885e-01
6142,IGDCC4,2.709843e-01,7.742504e-02,9.484332e-01
5565,GSTM5,2.716836e-01,7.409925e-02,9.961229e-01
12453,SULT1C4,2.717143e-01,7.785870e-02,9.482393e-01
9445,PHLDB1,2.727076e-01,8.173205e-02,9.099177e-01
7443,MADD,2.732309e-01,8.094418e-02,9.223042e-01
4453,FAM120B,2.744474e-01,8.314509e-02,9.059026e-01
11821,SLC40A1,2.750603e-01,8.268074e-02,9.150642e-01
11582,SIGLEC5,2.753304e-01,8.229789e-02,9.211272e-01
9621,PLD4,2.765751e-01,8.174075e-02,9.358098e-01
6478,KAZ,2.790629e-01,8.126488e-02,9.582996e-01
12410,STS,2.803354e-01,8.266090e-02,9.507268e-01
13285,TPP1,2.807299e-01,8.204574e-02,9.605533e-01
3028,COL6A6,2.820759e-01,9.675265e-02,8.223733e-01
11391,SERPINB1,2.821179e-01,8.161725e-02,9.751680e-01
14819,ZNF799,2.836016e-01,8.140913e-02,9.879708e-01
682,ARAF,2.842074e-01,9.936371e-02,8.129108e-01
4715,FBXO25,2.852957e-01,8.556195e-02,9.512829e-01
5469,GPR85,2.855743e-01,8.365340e-02,9.748879e-01
623,APBB1IP,2.865093e-01,8.296799e-02,9.893887e-01
12285,SSH2,2.886221e-01,9.584771e-02,8.691155e-01
7568,MAPKAPK2,2.892393e-01,9.573179e-02,8.738932e-01
13198,TNF,2.900391e-01,8.729793e-02,9.636277e-01
12715,TEAD1,2.909843e-01,8.642829e-02,9.796779e-01
2285,CCDC152,2.914277e-01,9.980924e-02,8.509243e-01
8355,NBPF10,2.937665e-01,1.018453e-01,8.473516e-01
5361,GNS,2.945075e-01,9.632794e-02,9.004103e-01
6110,IFI30,2.961636e-01,9.905503e-02,8.854967e-01
2368,CCL22,2.981532e-01,9.001661e-02,9.875436e-01
7017,LILRB5,3.001619e-01,9.924434e-02,9.078319e-01
8579,NINJ1,3.005138e-01,1.016934e-01,8.880477e-01
12750,TFAP2E,3.020581e-01,9.635636e-02,9.468925e-01
14516,ZNF322A,3.025947e-01,9.957645e-02,9.195304e-01
100,ACADL,3.035233e-01,1.059265e-01,8.697199e-01
13181,TNFRSF1B,3.040650e-01,1.024180e-01,9.027274e-01
7024,LIMK2,3.071896e-01,1.042713e-01,9.049986e-01
8649,NOD2,3.071973e-01,1.064806e-01,8.862666e-01
12760,TFEC,3.073521e-01,1.042702e-01,9.059667e-01
4661,FARP2,3.079135e-01,1.099455e-01,8.623426e-01
12438,SUB1,3.081136e-01,1.023184e-01,9.278295e-01
8150,MTMR12,3.085625e-01,1.063029e-01,8.956562e-01
6887,LAIR1,3.089744e-01,1.061051e-01,8.997224e-01
1494,C15orf39,3.095003e-01,1.049775e-01,9.124854e-01
6823,KL,3.099106e-01,1.080926e-01,8.885402e-01
11747,SLC29A1,3.099643e-01,1.081635e-01,8.882654e-01
13596,TXNDC5,3.101948e-01,1.088612e-01,8.838855e-01
7041,LITAF,3.109896e-01,1.076623e-01,8.983137e-01
11143,SAMSN1,3.110175e-01,1.062996e-01,9.099928e-01
3384,CYP17A1,3.117598e-01,1.054218e-01,9.219553e-01
4933,FOLR1,3.124227e-01,1.075415e-01,9.076307e-01
14219,ZBTB1,3.124739e-01,1.092244e-01,8.939392e-01
8384,NCKAP1L,3.128482e-01,1.050583e-01,9.316163e-01
10499,RASSF4,3.128820e-01,1.071716e-01,9.134429e-01
12896,TLR8,3.129262e-01,1.018538e-01,9.614050e-01
519,ANKRD13A,3.131180e-01,1.117599e-01,8.772639e-01
11866,SLC7A10,3.136544e-01,1.046977e-01,9.396497e-01
4981,FRMD4A,3.139374e-01,1.067831e-01,9.229617e-01
4005,EEA1,3.139549e-01,1.071199e-01,9.201622e-01
10616,RENBP,3.150030e-01,1.047769e-01,9.470302e-01
9728,PNPLA7,3.151214e-01,1.119626e-01,8.869163e-01
7961,MPEG1,3.152215e-01,1.070980e-01,9.277914e-01
6387,ITGAX,3.153262e-01,1.054021e-01,9.433457e-01
11318,SELENBP1,3.153711e-01,1.083318e-01,9.180957e-01
11154,SARDH,3.158519e-01,1.090534e-01,9.148032e-01
8615,NLRC4,3.160285e-01,1.050965e-01,9.503078e-01
723,ARHGAP30,3.164267e-01,1.059250e-01,9.452524e-01
7491,MAN1A1,3.166106e-01,1.108096e-01,9.046354e-01
4854,FKBP15,3.166378e-01,1.059466e-01,9.463213e-01
5970,HP,3.168189e-01,1.081386e-01,9.281993e-01
5245,GIT2,3.170949e-01,1.093322e-01,9.196667e-01
8693,NPC2,3.173719e-01,1.073323e-01,9.384398e-01
5488,GPSM3,3.177562e-01,1.154958e-01,8.742226e-01
2095,CACNA2D2,3.177654e-01,1.080456e-01,9.345579e-01
3813,DOCK4,3.179884e-01,1.081458e-01,9.350031e-01
818,ARRB2,3.181783e-01,1.062668e-01,9.526720e-01
3639,DHRS3,3.182455e-01,1.153389e-01,8.781098e-01
458,AMACR,3.187226e-01,1.087670e-01,9.339610e-01
3811,DOCK2,3.188501e-01,1.070308e-01,9.498704e-01
8083,MS4A7,3.191341e-01,1.074932e-01,9.474703e-01
2461,CD302,3.192271e-01,1.140454e-01,8.935559e-01
14746,ZNF677,3.196942e-01,1.079778e-01,9.465316e-01
2846,CLCN7,3.199718e-01,1.113859e-01,9.191640e-01
5202,GFOD1,3.201570e-01,1.161542e-01,8.824523e-01
3106,CPAMD8,3.203819e-01,1.108179e-01,9.262456e-01
5854,HLA-DRA,3.210072e-01,1.076713e-01,9.570385e-01
6702,KIAA2018,3.210127e-01,1.117543e-01,9.221045e-01
9508,PIK3IP1,3.213399e-01,1.117085e-01,9.243638e-01
2129,CAMK2G,3.214684e-01,1.193802e-01,8.656538e-01
8381,NCF4,3.219244e-01,1.101777e-01,9.406198e-01
11989,SNCA,3.219929e-01,1.106281e-01,9.371890e-01
5268,GLCCI1,3.222075e-01,1.116128e-01,9.301593e-01
9322,PDZRN3,3.224490e-01,1.112193e-01,9.348495e-01
10107,PSAP,3.226457e-01,1.080544e-01,9.634055e-01
7507,MAOB,3.229576e-01,1.047791e-01,9.954427e-01
3748,DNAJB12,3.229848e-01,1.099999e-01,9.483565e-01
1491,C15orf27,3.229930e-01,1.045800e-01,9.975564e-01
11636,SLA,3.235153e-01,1.079819e-01,9.692562e-01
6747,KIRREL,3.237581e-01,1.160229e-01,9.034363e-01
14310,ZEB2,3.237981e-01,1.108565e-01,9.457737e-01
2369,CCL23,3.242159e-01,1.113185e-01,9.442804e-01
3947,DYRK2,3.248323e-01,1.106722e-01,9.534104e-01
5850,HLA-DQA1,3.248430e-01,1.097108e-01,9.618281e-01
12889,TLR1,3.248710e-01,1.099879e-01,9.595710e-01
12450,SULT1A2,3.256484e-01,1.117036e-01,9.493591e-01
7248,LPCAT3,3.257272e-01,1.087797e-01,9.753492e-01
12498,SYN1,3.257968e-01,1.090918e-01,9.729747e-01
1423,C12orf4,3.258436e-01,1.134214e-01,9.361026e-01
14663,ZNF564,3.259115e-01,1.108592e-01,9.581375e-01
8756,NRN1,3.260757e-01,1.110589e-01,9.573780e-01
7434,M6PR,3.261575e-01,1.115347e-01,9.537726e-01
2882,CLIC6,3.262440e-01,1.096568e-01,9.706208e-01
4937,FOSL2,3.265423e-01,1.133420e-01,9.407802e-01
10228,PTPN22,3.266829e-01,1.104113e-01,9.665835e-01
9218,PCNX,3.267748e-01,1.115341e-01,9.573914e-01
11675,SLC19A3,3.273785e-01,1.092077e-01,9.814022e-01
10677,RGS18,3.276152e-01,1.101729e-01,9.742118e-01
8876,OAF,3.278554e-01,1.109418e-01,9.688792e-01
5119,GAPVD1,3.282058e-01,1.160967e-01,9.278392e-01
10423,RAI14,3.285376e-01,1.132387e-01,9.531813e-01
5852,HLA-DQB1,3.288700e-01,1.101910e-01,9.815276e-01
10058,PRPF4B,3.293350e-01,1.124935e-01,9.641580e-01
145,ACP5,3.294745e-01,1.115745e-01,9.729235e-01
579,ANXA11,3.295853e-01,1.147692e-01,9.464775e-01
9659,PLEK,3.297369e-01,1.114027e-01,9.759762e-01
14473,ZNF254,3.301793e-01,1.168753e-01,9.327753e-01
7094,LOC100190938,3.303886e-01,1.111743e-01,9.818514e-01
708,ARHGAP15,3.304784e-01,1.103596e-01,9.896372e-01
5857,HLA-DRB6,3.305509e-01,1.104699e-01,9.890832e-01
994,ATP8B4,3.306513e-01,1.120277e-01,9.759224e-01
6192,IL16,3.306933e-01,1.101635e-01,9.926891e-01
9003,P2RX7,3.311946e-01,1.118030e-01,9.810997e-01
6176,IKZF1,3.316578e-01,1.104606e-01,9.958020e-01
12959,TMEM119,3.317732e-01,1.131731e-01,9.726116e-01
10613,RELN,3.317933e-01,1.134882e-01,9.700288e-01
10239,PTPRC,3.318113e-01,1.117504e-01,9.852200e-01
5373,GOLGA8A,3.318343e-01,1.128543e-01,9.757186e-01
4956,FOXO1,3.318992e-01,1.157692e-01,9.515234e-01
12002,SNN,3.321036e-01,1.144841e-01,9.633898e-01
13100,TMEM59,3.322232e-01,1.119837e-01,9.856099e-01
5314,GMFG,3.327945e-01,1.108323e-01,9.992770e-01
11329,SEMA3B,3.335450e-01,1.131420e-01,9.832976e-01
6344,IRF8,3.337766e-01,1.116956e-01,9.974149e-01
1429,C12orf62,3.342314e-01,1.178778e-01,9.476816e-01
9382,PGAP3,3.345530e-01,1.175220e-01,9.523810e-01
8099,MSR1,3.349251e-01,1.147283e-01,9.777438e-01
10016,PRKCQ,3.351420e-01,1.170762e-01,9.593767e-01
3776,DNAJC3,3.357137e-01,1.155985e-01,9.749577e-01
3469,DCAF12,3.366815e-01,1.154371e-01,9.819577e-01
2922,CMKLR1,3.372656e-01,1.147393e-01,9.913615e-01
7776,MFHAS1,3.375940e-01,1.187368e-01,9.598512e-01
3207,CSF1R,3.379012e-01,1.155415e-01,9.881925e-01
9936,PPP3CC,3.379131e-01,1.144596e-01,9.976029e-01
480,AMY1A,3.383515e-01,1.199971e-01,9.540374e-01
3821,DOK2,3.397668e-01,1.156005e-01,9.986245e-01
9693,PLXNC1,3.400745e-01,1.164431e-01,9.931948e-01
5765,HGF,3.414121e-01,1.186942e-01,9.820379e-01
10183,PTENP1,3.415134e-01,1.181543e-01,9.871106e-01
13894,VEGFB,3.422723e-01,1.173839e-01,9.980103e-01
10737,RIN3,3.423594e-01,1.192474e-01,9.829139e-01
2117,CALM1,3.429804e-01,1.177444e-01,9.990753e-01
4042,EFTUD1,3.430113e-01,1.189007e-01,9.895385e-01
12073,SNX33,3.437102e-01,1.196851e-01,9.870632e-01
7051,LMBRD1,3.438760e-01,1.230877e-01,9.607032e-01
6385,ITGAM,3.440015e-01,1.186745e-01,9.971562e-01
8325,NAP1L5,3.441080e-01,1.219508e-01,9.709680e-01
8430,NDRG2,3.441554e-01,1.195207e-01,9.909829e-01
12759,TFEB,3.444682e-01,1.187831e-01,9.989500e-01
2751,CHID1,3.446728e-01,1.207446e-01,9.838891e-01
10256,PTRF,3.462626e-01,1.213193e-01,9.882829e-01
3391,CYP27A1,3.468113e-01,1.235830e-01,9.732573e-01
6179,IKZF4,3.474252e-01,1.258222e-01,9.593244e-01
6326,IQSEC1,3.477721e-01,1.210777e-01,9.989075e-01
11900,SLIT2,3.479421e-01,1.226569e-01,9.870108e-01
14429,ZNF189,3.484890e-01,1.215628e-01,9.990280e-01
7601,MAST3,3.495436e-01,1.243605e-01,9.824719e-01
1270,BRD4,3.509291e-01,1.232080e-01,9.995393e-01
6226,IL34,3.524011e-01,1.271369e-01,9.767940e-01
1252,BOK,3.541459e-01,1.279307e-01,9.803692e-01
2843,CLCN4,3.617617e-01,1.316956e-01,9.937430e-01
11657,SLC16A10,3.617788e-01,1.354239e-01,9.664755e-01
4578,FAM46B,3.757709e-01,1.465839e-01,9.632962e-01
11499,SGK3,3.797568e-01,1.450629e-01,9.941563e-01
10399,RAD18,2.086375e+00,1.012336e+00,4.299916e+00
12252,SRM,2.091526e+00,1.002669e+00,4.362835e+00
8329,NAPG,2.091571e+00,1.002514e+00,4.363702e+00
13497,TTC15,2.096203e+00,1.004438e+00,4.374651e+00
9188,PCDHGA8,2.100233e+00,1.022792e+00,4.312685e+00
2232,CBY1,2.101508e+00,1.013156e+00,4.358987e+00
9703,PMPCA,2.103802e+00,1.015445e+00,4.358662e+00
11696,SLC25A10,2.107365e+00,1.005136e+00,4.418293e+00
10327,RAB12,2.119291e+00,1.014212e+00,4.428459e+00
7059,LMNB2,2.125280e+00,1.024143e+00,4.410338e+00
7009,LIG3,2.125657e+00,1.012750e+00,4.461533e+00
7113,LOC152217,2.125856e+00,1.030786e+00,4.384287e+00
12663,TCEA1,2.129884e+00,1.002590e+00,4.524688e+00
10670,RGPD6,2.135795e+00,1.016378e+00,4.488113e+00
12024,SNORD1C,2.138674e+00,1.006536e+00,4.544227e+00
7086,LOC100131193,2.141149e+00,1.002435e+00,4.573380e+00
7900,MMP10,2.142139e+00,1.007614e+00,4.554086e+00
1181,BET1L,2.142352e+00,1.007000e+00,4.557766e+00
4060,EHD3,2.145844e+00,1.000720e+00,4.601333e+00
3259,CTCFL,2.146133e+00,1.049649e+00,4.388022e+00
400,ALDH18A1,2.159343e+00,1.015230e+00,4.592811e+00
7220,LOC81691,2.161098e+00,1.030522e+00,4.532017e+00
7088,LOC100131691,2.162768e+00,1.031096e+00,4.536496e+00
3558,DDX54,2.164552e+00,1.027424e+00,4.560225e+00
9998,PRKAA2,2.165409e+00,1.009007e+00,4.647138e+00
603,AP1S3,2.166402e+00,1.027630e+00,4.567108e+00
7977,MPST,2.171926e+00,1.028673e+00,4.585774e+00
8192,MUS81,2.177602e+00,1.019018e+00,4.653451e+00
6800,KLHL36,2.178899e+00,1.016439e+00,4.670818e+00
6696,KIAA1908,2.180175e+00,1.024651e+00,4.638812e+00
11442,SF4,2.182741e+00,1.015657e+00,4.690910e+00
2619,CDT1,2.182884e+00,1.048737e+00,4.543541e+00
12338,STAP2,2.185698e+00,1.015088e+00,4.706269e+00
13161,TNFAIP1,2.194752e+00,1.011231e+00,4.763438e+00
1523,C16orf68,2.199551e+00,1.048834e+00,4.612762e+00
5754,HES6,2.201696e+00,1.015583e+00,4.773087e+00
9877,PPM1G,2.201808e+00,1.023182e+00,4.738122e+00
7518,MAP2K3,2.201881e+00,1.035650e+00,4.681389e+00
7288,LRP5L,2.203112e+00,1.051787e+00,4.614718e+00
5920,HNRPDL,2.204520e+00,1.006576e+00,4.828160e+00
666,APOOL,2.207089e+00,1.067685e+00,4.562437e+00
3878,DSG3,2.207773e+00,1.007116e+00,4.839822e+00
5815,HIST1H3B,2.209872e+00,1.040594e+00,4.693025e+00
2056,C9orf78,2.214606e+00,1.057323e+00,4.638581e+00
4941,FOXA3,2.218477e+00,1.006440e+00,4.890149e+00
802,ARMCX5,2.220611e+00,1.025657e+00,4.807763e+00
6629,KIAA0802,2.221988e+00,1.001641e+00,4.929139e+00
13484,TSR1,2.222091e+00,1.024455e+00,4.819821e+00
7036,LIPE,2.224177e+00,1.053028e+00,4.697847e+00
3874,DSCR6,2.224747e+00,1.004850e+00,4.925611e+00
10824,RNF220,2.225259e+00,1.022087e+00,4.844771e+00
5806,HIST1H2AH,2.225470e+00,1.041332e+00,4.756138e+00
1996,C8orf37,2.227028e+00,1.003895e+00,4.940414e+00
6319,IQCE,2.228132e+00,1.015739e+00,4.887642e+00
8828,NUDT4,2.231786e+00,1.013251e+00,4.915732e+00
4001,EDN1,2.232978e+00,1.008490e+00,4.944212e+00
14216,ZBTB12,2.233736e+00,1.048287e+00,4.759745e+00
8003,MRPL16,2.237740e+00,1.057421e+00,4.735558e+00
1329,BUB3,2.239108e+00,1.035794e+00,4.840349e+00
10168,PSPH,2.241263e+00,1.029225e+00,4.880625e+00
4836,FIBCD1,2.242090e+00,1.059282e+00,4.745640e+00
392,AKT2,2.242418e+00,1.046083e+00,4.806919e+00
13058,TMEM223,2.244442e+00,1.080835e+00,4.660767e+00
4483,FAM149A,2.246442e+00,1.026343e+00,4.916972e+00
7541,MAP4K5,2.248251e+00,1.055283e+00,4.789837e+00
7997,MRPL10,2.250171e+00,1.092649e+00,4.633936e+00
9520,PIM3,2.252076e+00,1.007081e+00,5.036184e+00
1788,C22orf46,2.254318e+00,1.072113e+00,4.740123e+00
12649,TBX15,2.255567e+00,1.026604e+00,4.955739e+00
14153,XRCC5,2.257562e+00,1.028906e+00,4.953404e+00
1870,C4orf27,2.259755e+00,1.080722e+00,4.725072e+00
13704,UBXN2A,2.260964e+00,1.074722e+00,4.756539e+00
4997,FSTL4,2.261630e+00,1.016244e+00,5.033208e+00
5933,HOXA3,2.263450e+00,1.004897e+00,5.098240e+00
2106,CADM4,2.264207e+00,1.047780e+00,4.892856e+00
9029,PACS1,2.265137e+00,1.022764e+00,5.016646e+00
4874,FLJ22536,2.265635e+00,1.015563e+00,5.054439e+00
3156,CREB3L4,2.268265e+00,1.049005e+00,4.904675e+00
10299,PYROXD2,2.269877e+00,1.041264e+00,4.948163e+00
3656,DHX37,2.270840e+00,1.079261e+00,4.778002e+00
5353,GNL3,2.271834e+00,1.070261e+00,4.822403e+00
13580,TUT1,2.273064e+00,1.079609e+00,4.785824e+00
73,ABHD4,2.273903e+00,1.082547e+00,4.776361e+00
10472,RARS,2.274137e+00,1.072676e+00,4.821305e+00
10115,PSENEN,2.274331e+00,1.009581e+00,5.123493e+00
14184,YOD1,2.274765e+00,1.026194e+00,5.042473e+00
6346,IRGQ,2.275159e+00,1.067229e+00,4.850271e+00
13785,URM1,2.276027e+00,1.054270e+00,4.913636e+00
5434,GPR125,2.276063e+00,1.028702e+00,5.035920e+00
2244,CCDC103,2.276345e+00,1.063207e+00,4.873696e+00
8908,OGG1,2.276935e+00,1.045508e+00,4.958769e+00
5627,GYS1,2.277029e+00,1.099314e+00,4.716451e+00
12937,TMED6,2.280634e+00,1.063697e+00,4.889822e+00
9920,PPP2R1A,2.281022e+00,1.082228e+00,4.807729e+00
119,ACD,2.281281e+00,1.080931e+00,4.814592e+00
9839,PPARD,2.281785e+00,1.005054e+00,5.180358e+00
6470,KAT2A,2.283120e+00,1.038499e+00,5.019399e+00
7249,LPCAT4,2.284000e+00,1.032799e+00,5.050986e+00
6916,LARS,2.284048e+00,1.019821e+00,5.115484e+00
15,AAMP,2.286149e+00,1.068596e+00,4.890972e+00
14027,WDR46,2.286267e+00,1.060830e+00,4.927287e+00
10895,RPL13A,2.286310e+00,1.021317e+00,5.118108e+00
11167,SATB2,2.286359e+00,1.021301e+00,5.118410e+00
11057,RTF1,2.286632e+00,1.088744e+00,4.802493e+00
5458,GPR37,2.287316e+00,1.054667e+00,4.960632e+00
10177,PTCD1,2.288357e+00,1.038108e+00,5.044345e+00
6847,KRT14,2.289531e+00,1.033046e+00,5.074266e+00
9606,PLCD3,2.290087e+00,1.102069e+00,4.758775e+00
8706,NPM3,2.290295e+00,1.028006e+00,5.102549e+00
9603,PLCB3,2.291181e+00,1.116779e+00,4.700581e+00
800,ARMCX2,2.291577e+00,1.053747e+00,4.983479e+00
12854,TIMM22,2.293004e+00,1.033155e+00,5.089135e+00
1513,C16orf53,2.293704e+00,1.025481e+00,5.130350e+00
9913,PPP1R3G,2.294215e+00,1.067872e+00,4.928889e+00
5103,GALNT3,2.296198e+00,1.043497e+00,5.052747e+00
13217,TNPO3,2.298160e+00,1.081376e+00,4.884090e+00
9942,PPP5C,2.300451e+00,1.041546e+00,5.080983e+00
3791,DND1,2.300537e+00,1.018039e+00,5.198688e+00
8451,NDUFAF2,2.302295e+00,1.078787e+00,4.913448e+00
7431,LZTR1,2.302538e+00,1.058882e+00,5.006867e+00
6073,ICA1,2.303419e+00,1.060782e+00,5.001724e+00
8858,NUP88,2.303849e+00,1.067243e+00,4.973301e+00
1559,C17orf63,2.304065e+00,1.043369e+00,5.088049e+00
12172,SPHAR,2.305224e+00,1.036842e+00,5.125233e+00
4268,ERCC3,2.306899e+00,1.025916e+00,5.187347e+00
9607,PLCD4,2.307812e+00,1.000165e+00,5.325116e+00
2991,COG8,2.308691e+00,1.054543e+00,5.054373e+00
2755,CHL1,2.309451e+00,1.019409e+00,5.232016e+00
1000,ATPBD4,2.315320e+00,1.042485e+00,5.142237e+00
13725,UGDH,2.316550e+00,1.096870e+00,4.892472e+00
8853,NUP50,2.316553e+00,1.062693e+00,5.049831e+00
6239,ILKAP,2.316603e+00,1.138357e+00,4.714381e+00
9754,POLDIP2,2.317183e+00,1.020160e+00,5.263228e+00
11024,RRN3P3,2.318057e+00,1.096614e+00,4.899984e+00
4806,FGF19,2.319630e+00,1.034051e+00,5.203496e+00
14136,XKRX,2.319929e+00,1.026669e+00,5.242266e+00
1289,BRSK2,2.320571e+00,1.054935e+00,5.104628e+00
1119,BBS7,2.321341e+00,1.074059e+00,5.017062e+00
6145,IGF2BP1,2.321385e+00,1.034910e+00,5.207051e+00
1614,C19orf47,2.321642e+00,1.019180e+00,5.288589e+00
12300,ST13,2.323747e+00,1.118599e+00,4.827287e+00
5828,HIST2H3C,2.324808e+00,1.135206e+00,4.761013e+00
10543,RBM41,2.325402e+00,1.072178e+00,5.043465e+00
1844,C3orf33,2.330732e+00,1.064655e+00,5.102416e+00
1628,C19orf63,2.336054e+00,1.112018e+00,4.907425e+00
5093,GALK2,2.336724e+00,1.061786e+00,5.142545e+00
5712,HDDC3,2.337706e+00,1.053426e+00,5.187712e+00
1533,C16orf87,2.338634e+00,1.004451e+00,5.444975e+00
14087,WIPI1,2.339986e+00,1.100550e+00,4.975271e+00
875,ASRGL1,2.340508e+00,1.055798e+00,5.188475e+00
417,ALDOA,2.342373e+00,1.019859e+00,5.379873e+00
3473,DCAF17,2.346072e+00,1.087721e+00,5.060169e+00
10369,RAB5A,2.347721e+00,1.121471e+00,4.914787e+00
5201,GFM2,2.348112e+00,1.058235e+00,5.210213e+00
91,ABTB2,2.348291e+00,1.053825e+00,5.232815e+00
14637,ZNF524,2.348834e+00,1.099310e+00,5.018624e+00
13487,TSSC4,2.349235e+00,1.052736e+00,5.242440e+00
14138,XPA,2.349446e+00,1.029697e+00,5.360699e+00
8688,NPAS2,2.351579e+00,1.118121e+00,4.945729e+00
6542,KCTD1,2.351840e+00,1.087360e+00,5.086769e+00
14647,ZNF544,2.352291e+00,1.080998e+00,5.118673e+00
2646,CEMP1,2.352510e+00,1.081714e+00,5.116232e+00
4976,FREM1,2.354133e+00,1.109515e+00,4.994926e+00
5128,GAS2,2.357050e+00,1.035792e+00,5.363704e+00
6948,LDHA,2.358322e+00,1.016490e+00,5.471457e+00
8682,NOVA1,2.358735e+00,1.091062e+00,5.099277e+00
8856,NUP62,2.360088e+00,1.080090e+00,5.156989e+00
3279,CTPS2,2.363018e+00,1.138177e+00,4.905965e+00
777,ARL4A,2.365001e+00,1.036099e+00,5.398354e+00
8131,MTERF,2.365870e+00,1.045818e+00,5.352120e+00
568,ANO7,2.367643e+00,1.030110e+00,5.441879e+00
6336,IRF2BP1,2.367776e+00,1.150160e+00,4.874420e+00
14840,ZNF841,2.369874e+00,1.029874e+00,5.453388e+00
10037,PRMT7,2.371080e+00,1.084080e+00,5.185982e+00
4407,FAHD1,2.371575e+00,1.060954e+00,5.301238e+00
4624,FAM83E,2.371587e+00,1.070571e+00,5.253668e+00
11413,SESN2,2.372463e+00,1.065146e+00,5.284327e+00
12031,SNRNP35,2.372586e+00,1.102481e+00,5.105906e+00
12741,TEX10,2.376147e+00,1.144188e+00,4.934568e+00
10947,RPLP2,2.377975e+00,1.116223e+00,5.065980e+00
6859,KRT6A,2.378021e+00,1.113432e+00,5.078875e+00
7186,LOC642852,2.378664e+00,1.145579e+00,4.939024e+00
8999,OXTR,2.378939e+00,1.104539e+00,5.123719e+00
3299,CTTN,2.380438e+00,1.107117e+00,5.118235e+00
10915,RPL27A,2.380900e+00,1.121658e+00,5.053844e+00
1843,C3orf31,2.382038e+00,1.141903e+00,4.968990e+00
11007,RPUSD1,2.387612e+00,1.112735e+00,5.123135e+00
1027,AXIN1,2.388084e+00,1.120791e+00,5.088318e+00
11059,RTKN,2.391661e+00,1.018732e+00,5.614864e+00
5070,GABPB2,2.394694e+00,1.149647e+00,4.988105e+00
3549,DDX41,2.395146e+00,1.085259e+00,5.286044e+00
14705,ZNF613,2.401079e+00,1.088975e+00,5.294135e+00
595,AP1AR,2.401250e+00,1.044345e+00,5.521167e+00
700,ARFIP2,2.405619e+00,1.137748e+00,5.086369e+00
14053,WDR76,2.407392e+00,1.148118e+00,5.047856e+00
778,ARL4C,2.409552e+00,1.049425e+00,5.532497e+00
5713,HDGFRP2,2.411511e+00,1.107425e+00,5.251269e+00
13413,TRMU,2.415683e+00,1.064432e+00,5.482285e+00
387,AKR1E2,2.416660e+00,1.146733e+00,5.092945e+00
13118,TMEM81,2.421267e+00,1.065056e+00,5.504438e+00
963,ATP5S,2.422962e+00,1.154609e+00,5.084619e+00
7227,LOC93622,2.424322e+00,1.089167e+00,5.396175e+00
14055,WDR78,2.425620e+00,1.131732e+00,5.198787e+00
2979,COASY,2.426066e+00,1.039288e+00,5.663300e+00
112,ACBD4,2.426443e+00,1.099646e+00,5.354109e+00
11610,SIRT6,2.430624e+00,1.152838e+00,5.124684e+00
14889,ZWILCH,2.431771e+00,1.053821e+00,5.611493e+00
5492,GPX2,2.432458e+00,1.028925e+00,5.750517e+00
13747,ULK4,2.432542e+00,1.146379e+00,5.161696e+00
5288,GLRX3,2.437558e+00,1.137390e+00,5.223968e+00
12016,SNORA7B,2.439745e+00,1.152370e+00,5.165315e+00
1626,C19orf61,2.439873e+00,1.079522e+00,5.514463e+00
4356,EXOSC10,2.443395e+00,1.100264e+00,5.426133e+00
1796,C2CD4D,2.445039e+00,1.141292e+00,5.238112e+00
13393,TRIM9,2.446542e+00,1.064643e+00,5.622136e+00
1087,BAK1,2.446591e+00,1.106587e+00,5.409248e+00
3481,DCBLD2,2.447742e+00,1.068049e+00,5.609706e+00
7757,METTL5,2.447872e+00,1.014322e+00,5.907472e+00
12437,STYX,2.448497e+00,1.059105e+00,5.660566e+00
13660,UBE2M,2.449810e+00,1.030028e+00,5.826610e+00
9540,PITPNC1,2.450303e+00,1.012949e+00,5.927231e+00
3814,DOCK5,2.451405e+00,1.184191e+00,5.074673e+00
5950,HOXC6,2.451502e+00,1.082674e+00,5.550942e+00
4413,FAIM,2.451601e+00,1.159691e+00,5.182717e+00
12734,TESC,2.452841e+00,1.051363e+00,5.722505e+00
10098,PRSS3,2.453781e+00,1.080285e+00,5.573567e+00
1165,BCS1L,2.454229e+00,1.174102e+00,5.130079e+00
6146,IGF2BP2,2.459048e+00,1.101387e+00,5.490275e+00
6740,KIF9,2.460910e+00,1.112814e+00,5.442129e+00
9398,PGM3,2.461487e+00,1.022426e+00,5.926023e+00
14760,ZNF697,2.461770e+00,1.094513e+00,5.536997e+00
12330,STAG3L2,2.462024e+00,1.126717e+00,5.379845e+00
2776,CHRAC1,2.464216e+00,1.031570e+00,5.886520e+00
3557,DDX52,2.464968e+00,1.121908e+00,5.415834e+00
14718,ZNF628,2.468654e+00,1.131145e+00,5.387687e+00
1805,C2orf3,2.468716e+00,1.113601e+00,5.472842e+00
11315,SEH1L,2.469092e+00,1.003404e+00,6.075730e+00
5354,GNLY,2.469453e+00,1.079411e+00,5.649561e+00
13022,TMEM184A,2.470386e+00,1.035264e+00,5.894925e+00
10179,PTCD3,2.472565e+00,1.171794e+00,5.217280e+00
8669,NOP56,2.474340e+00,1.143794e+00,5.352674e+00
11031,RRP7B,2.475364e+00,1.149748e+00,5.329366e+00
14837,ZNF837,2.476275e+00,1.181465e+00,5.190113e+00
12149,SPATA5L1,2.477432e+00,1.139334e+00,5.387067e+00
12694,TCP11L1,2.477769e+00,1.111555e+00,5.523201e+00
11212,SCG2,2.479223e+00,1.143634e+00,5.374576e+00
10582,RCN1,2.479717e+00,1.075781e+00,5.715846e+00
7181,LOC554202,2.480889e+00,1.134515e+00,5.425057e+00
7615,MBD2,2.481572e+00,1.111771e+00,5.539089e+00
1638,C1QBP,2.483438e+00,1.161044e+00,5.311997e+00
6038,HSPBP1,2.484114e+00,1.057741e+00,5.833966e+00
506,ANKDD1A,2.487625e+00,1.181338e+00,5.238364e+00
4091,EIF2S2,2.487744e+00,1.063548e+00,5.819078e+00
8726,NR1H2,2.487990e+00,1.129353e+00,5.481099e+00
4794,FGB,2.488938e+00,1.132397e+00,5.470528e+00
14581,ZNF432,2.489666e+00,1.129732e+00,5.486643e+00
11961,SMPD4,2.491038e+00,1.032176e+00,6.011835e+00
14738,ZNF668,2.492501e+00,1.020745e+00,6.086301e+00
1576,C17orf90,2.494123e+00,1.152144e+00,5.399193e+00
10922,RPL32,2.494647e+00,1.128766e+00,5.513335e+00
7171,LOC440905,2.496483e+00,1.042745e+00,5.976946e+00
7274,LRFN4,2.504149e+00,1.153396e+00,5.436782e+00
5999,HSD17B2,2.507508e+00,1.070235e+00,5.874968e+00
9708,PMS2L3,2.512527e+00,1.188624e+00,5.311007e+00
14593,ZNF446,2.513369e+00,1.145417e+00,5.515041e+00
7333,LRRC57,2.514106e+00,1.137934e+00,5.554565e+00
6985,LGALS7,2.516700e+00,1.145122e+00,5.531094e+00
13659,UBE2MP1,2.516816e+00,1.178386e+00,5.375459e+00
7192,LOC645676,2.517208e+00,1.170221e+00,5.414648e+00
8015,MRPL2,2.518400e+00,1.025996e+00,6.181641e+00
293,AFP,2.518795e+00,1.143720e+00,5.547096e+00
2354,CCDC94,2.519531e+00,1.136249e+00,5.586837e+00
4202,ENTPD2,2.520528e+00,1.199894e+00,5.294687e+00
7510,MAP1D,2.521335e+00,1.154022e+00,5.508670e+00
11887,SLCO1B3,2.522177e+00,1.095009e+00,5.809426e+00
8543,NFKBIB,2.523904e+00,1.041820e+00,6.114387e+00
1266,BRCC3,2.525292e+00,1.109254e+00,5.748998e+00
1398,C11orf80,2.529972e+00,1.070174e+00,5.981044e+00
10853,RNPS1,2.531003e+00,1.071994e+00,5.975758e+00
11932,SMARCD2,2.531014e+00,1.149349e+00,5.573619e+00
10983,RPS2,2.531701e+00,1.164032e+00,5.506300e+00
8626,NME2,2.533202e+00,1.164540e+00,5.510425e+00
6582,KHSRP,2.538989e+00,1.183338e+00,5.447697e+00
2291,CCDC18,2.540174e+00,1.030699e+00,6.260297e+00
4225,EPCAM,2.542320e+00,1.022181e+00,6.323136e+00
11438,SF3B2,2.542377e+00,1.021891e+00,6.325211e+00
3389,CYP24A1,2.542962e+00,1.111882e+00,5.815955e+00
10063,PRPS2,2.546181e+00,1.153575e+00,5.619954e+00
4851,FKBP10,2.548339e+00,1.136421e+00,5.714456e+00
3400,CYP2J2,2.549641e+00,1.148609e+00,5.659602e+00
4154,ELOVL6,2.550836e+00,1.129645e+00,5.760007e+00
13993,WBSCR22,2.552256e+00,1.065817e+00,6.111755e+00
4258,ERAL1,2.555650e+00,1.091470e+00,5.983994e+00
12962,TMEM120B,2.558502e+00,1.176403e+00,5.564361e+00
2359,CCHCR1,2.559462e+00,1.142554e+00,5.733514e+00
6524,KCNN4,2.561031e+00,1.189677e+00,5.513163e+00
5781,HIC2,2.562798e+00,1.172324e+00,5.602490e+00
573,ANP32E,2.563390e+00,1.103872e+00,5.952658e+00
14509,ZNF30,2.564351e+00,1.131409e+00,5.812128e+00
14478,ZNF260,2.565089e+00,1.152184e+00,5.710617e+00
11088,RWDD4A,2.566028e+00,1.239427e+00,5.312535e+00
4677,FAU,2.572139e+00,1.089747e+00,6.071042e+00
14433,ZNF195,2.572915e+00,1.229488e+00,5.384268e+00
13515,TTC35,2.574383e+00,1.200182e+00,5.522038e+00
9705,PMS1,2.575457e+00,1.187147e+00,5.587328e+00
5005,FTSJ3,2.575523e+00,1.169917e+00,5.669904e+00
11364,SEPT2,2.575946e+00,1.124366e+00,5.901547e+00
5317,GMPPA,2.576070e+00,1.091014e+00,6.082538e+00
751,ARHGEF4,2.577887e+00,1.189570e+00,5.586472e+00
6024,HSPA4L,2.579855e+00,1.222329e+00,5.445059e+00
6796,KLHL2,2.580816e+00,1.165845e+00,5.713121e+00
14607,ZNF480,2.588529e+00,1.146879e+00,5.842359e+00
8006,MRPL19,2.588803e+00,1.079701e+00,6.207181e+00
9201,PCGF3,2.592886e+00,1.180432e+00,5.695420e+00
6243,IMMP2L,2.593153e+00,1.203226e+00,5.588680e+00
13443,TSEN2,2.600422e+00,1.202199e+00,5.624851e+00
12443,SUDS3,2.607621e+00,1.066265e+00,6.377112e+00
1133,BCCIP,2.610521e+00,1.176736e+00,5.791293e+00
4644,FAM98A,2.611016e+00,1.146435e+00,5.946611e+00
8962,OSBP,2.612963e+00,1.161853e+00,5.876451e+00
14678,ZNF579,2.618588e+00,1.145694e+00,5.985019e+00
7803,MGC12982,2.619789e+00,1.250698e+00,5.487571e+00
4664,FARSB,2.624102e+00,1.146948e+00,6.003686e+00
12982,TMEM141,2.624294e+00,1.183437e+00,5.819425e+00
5396,GPATCH1,2.624566e+00,1.124347e+00,6.126534e+00
12497,SYMPK,2.630084e+00,1.203318e+00,5.748558e+00
4849,FIZ1,2.631182e+00,1.168322e+00,5.925696e+00
1591,C18orf55,2.632565e+00,1.262788e+00,5.488172e+00
12281,SSB,2.633552e+00,1.056803e+00,6.562808e+00
9164,PCDHAC1,2.633662e+00,1.127403e+00,6.152348e+00
11151,SAPS3,2.634742e+00,1.212946e+00,5.723145e+00
11272,SDHAF2,2.635337e+00,1.120221e+00,6.199672e+00
9576,PLA2G16,2.635546e+00,1.202872e+00,5.774599e+00
13971,VWDE,2.635631e+00,1.178497e+00,5.894414e+00
12783,TGIF1,2.637704e+00,1.195492e+00,5.819767e+00
1084,BAIAP2L2,2.642581e+00,1.235633e+00,5.651546e+00
1597,C19orf22,2.642623e+00,1.141549e+00,6.117526e+00
14730,ZNF653,2.643709e+00,1.185114e+00,5.897489e+00
8362,NBR2,2.644538e+00,1.262233e+00,5.540640e+00
8296,NAALADL2,2.646621e+00,1.201754e+00,5.828651e+00
5358,GNPNAT1,2.649524e+00,1.071459e+00,6.551793e+00
2224,CBX1,2.654468e+00,1.151815e+00,6.117476e+00
13670,UBE2V2,2.657978e+00,1.028059e+00,6.872029e+00
10902,RPL18,2.658245e+00,1.217680e+00,5.803057e+00
13396,TRIP10,2.659020e+00,1.226858e+00,5.763002e+00
1283,BRMS1,2.660000e+00,1.094870e+00,6.462498e+00
8553,NFXL1,2.662958e+00,1.192710e+00,5.945572e+00
5347,GNG5,2.667869e+00,1.122273e+00,6.342061e+00
12648,TBRG4,2.668077e+00,1.023269e+00,6.956762e+00
5820,HIST1H4D,2.677353e+00,1.268657e+00,5.650243e+00
14674,ZNF575,2.681026e+00,1.201119e+00,5.984340e+00
4169,EML2,2.682566e+00,1.188415e+00,6.055260e+00
10446,RANGAP1,2.686990e+00,1.242409e+00,5.811223e+00
6023,HSPA2,2.687160e+00,1.232511e+00,5.858631e+00
5467,GPR81,2.687860e+00,1.181363e+00,6.115467e+00
8564,NHEDC2,2.688044e+00,1.189396e+00,6.074999e+00
12006,SNORA52,2.689611e+00,1.078288e+00,6.708788e+00
6709,KIF13B,2.692430e+00,1.213478e+00,5.973886e+00
13656,UBE2K,2.694914e+00,1.074254e+00,6.760559e+00
419,ALDOC,2.700348e+00,1.203931e+00,6.056725e+00
12549,TAF12,2.701927e+00,1.241572e+00,5.879973e+00
8938,ORAOV1,2.702445e+00,1.126619e+00,6.482416e+00
7311,LRRC34,2.706059e+00,1.244005e+00,5.886437e+00
772,ARL17A,2.706877e+00,1.187090e+00,6.172389e+00
6505,KCNJ14,2.707046e+00,1.218982e+00,6.011654e+00
8246,MYO19,2.707258e+00,1.218982e+00,6.012594e+00
6520,KCNMB3,2.707293e+00,1.098777e+00,6.670538e+00
10141,PSMC4,2.707680e+00,1.107359e+00,6.620734e+00
7740,METAP1,2.711708e+00,1.287950e+00,5.709350e+00
8925,OPA3,2.712327e+00,1.302027e+00,5.650205e+00
12752,TFB1M,2.712994e+00,1.231537e+00,5.976544e+00
11842,SLC4A1AP,2.718122e+00,1.197414e+00,6.170120e+00
7505,MANSC1,2.720529e+00,1.229078e+00,6.021815e+00
852,ASCC2,2.723277e+00,1.181992e+00,6.274353e+00
390,AKT1S1,2.723370e+00,1.256594e+00,5.902261e+00
2282,CCDC14,2.725604e+00,1.224669e+00,6.066062e+00
1802,C2orf29,2.727118e+00,1.209639e+00,6.148259e+00
2592,CDK7,2.728770e+00,1.298356e+00,5.735087e+00
4299,ESCO1,2.728957e+00,1.246979e+00,5.972200e+00
6107,IFI27L1,2.736264e+00,1.244242e+00,6.017431e+00
6686,KIAA1704,2.739040e+00,1.219439e+00,6.152288e+00
8855,NUP62CL,2.739669e+00,1.305737e+00,5.748316e+00
9282,PDGFRL,2.741774e+00,1.231521e+00,6.104097e+00
313,AGMAT,2.741819e+00,1.228797e+00,6.117830e+00
8048,MRPS15,2.742349e+00,1.287011e+00,5.843367e+00
14635,ZNF519,2.744635e+00,1.251713e+00,6.018170e+00
2245,CCDC104,2.747381e+00,1.259382e+00,5.993494e+00
12846,TIGD7,2.760805e+00,1.205315e+00,6.323694e+00
4467,FAM128A,2.763208e+00,1.294136e+00,5.899938e+00
9172,PCDHB16,2.763425e+00,1.256408e+00,6.078053e+00
10317,R3HDM1,2.768485e+00,1.136697e+00,6.742793e+00
5587,GTF2IRD1,2.769474e+00,1.272548e+00,6.027267e+00
1550,C17orf53,2.773296e+00,1.175107e+00,6.545081e+00
10279,PVR,2.773405e+00,1.222892e+00,6.289825e+00
7361,LSM12,2.777590e+00,1.176248e+00,6.558998e+00
3292,CTSL2,2.777931e+00,1.295641e+00,5.956050e+00
9710,PMS2L5,2.778702e+00,1.130923e+00,6.827332e+00
6553,KDELR1,2.779832e+00,1.190372e+00,6.491637e+00
1620,C19orf54,2.784364e+00,1.277826e+00,6.067087e+00
7488,MAML3,2.790321e+00,1.235865e+00,6.299953e+00
8337,NARS,2.794634e+00,1.283954e+00,6.082756e+00
14150,XRCC2,2.798245e+00,1.080669e+00,7.245673e+00
11033,RRP9,2.799386e+00,1.276242e+00,6.140340e+00
11664,SLC16A3,2.800151e+00,1.151525e+00,6.809097e+00
5917,HNRNPUL1,2.804285e+00,1.320427e+00,5.955659e+00
9905,PPP1R1C,2.817844e+00,1.227245e+00,6.469971e+00
12960,TMEM11,2.821435e+00,1.170707e+00,6.799738e+00
3365,CYB5D1,2.823892e+00,1.263519e+00,6.311236e+00
7995,MRM1,2.830235e+00,1.242604e+00,6.446324e+00
10639,RFFL,2.831850e+00,1.183289e+00,6.777192e+00
554,ANKRD5,2.835484e+00,1.246739e+00,6.448800e+00
13360,TRIM28,2.841339e+00,1.277892e+00,6.317594e+00
9897,PPP1R14B,2.842145e+00,1.128803e+00,7.156069e+00
14847,ZNF860,2.842844e+00,1.327769e+00,6.086723e+00
5824,HIST2H2AB,2.845684e+00,1.339703e+00,6.044562e+00
3802,DNMT3B,2.851821e+00,1.030245e+00,7.894126e+00
14269,ZC3HC1,2.853064e+00,1.132351e+00,7.188559e+00
2316,CCDC55,2.861378e+00,1.332349e+00,6.145151e+00
5100,GALNT14,2.866604e+00,1.249659e+00,6.575728e+00
7166,LOC401010,2.868047e+00,1.367540e+00,6.014959e+00
10735,RIN1,2.868209e+00,1.299835e+00,6.328971e+00
8816,NUDT15,2.868219e+00,1.124558e+00,7.315475e+00
9085,PAQR4,2.874006e+00,1.286396e+00,6.420973e+00
10165,PSMG3,2.875954e+00,1.144852e+00,7.224614e+00
8210,MYBBP1A,2.877166e+00,1.324081e+00,6.251945e+00
5895,HNF1A,2.887338e+00,1.248085e+00,6.679610e+00
10102,PRTFDC1,2.890921e+00,1.327006e+00,6.297956e+00
8292,NAA40,2.892377e+00,1.195166e+00,6.999732e+00
3653,DHX34,2.897815e+00,1.208972e+00,6.945843e+00
9019,PA2G4P4,2.901767e+00,1.337499e+00,6.295523e+00
9601,PLCB1,2.902455e+00,1.285686e+00,6.552335e+00
6984,LGALS7B,2.909147e+00,1.298388e+00,6.518186e+00
9978,PRDXDD1P,2.912210e+00,1.167130e+00,7.266516e+00
10305,QPCTL,2.913333e+00,1.342172e+00,6.323710e+00
10971,RPS19,2.921079e+00,1.328148e+00,6.424509e+00
12551,TAF15,2.933132e+00,1.363194e+00,6.311108e+00
1573,C17orf86,2.941298e+00,1.394866e+00,6.202197e+00
7046,LMAN1,2.945675e+00,1.378868e+00,6.292844e+00
7808,MGC2752,2.947872e+00,1.288034e+00,6.746679e+00
4884,FLJ42627,2.949221e+00,1.284421e+00,6.771850e+00
4266,ERCC1,2.954076e+00,1.317330e+00,6.624433e+00
12270,SRRM5,2.962251e+00,1.228949e+00,7.140193e+00
2701,CFL1,2.970161e+00,1.233164e+00,7.153836e+00
12983,TMEM143,2.974738e+00,1.393997e+00,6.347981e+00
12876,TKT,2.975045e+00,1.338709e+00,6.611514e+00
2771,CHORDC1,2.976504e+00,1.243609e+00,7.124082e+00
13345,TRIB3,2.982845e+00,1.336340e+00,6.658008e+00
8985,OTUD6B,2.984259e+00,1.227727e+00,7.253894e+00
10632,REXO4,2.986419e+00,1.405783e+00,6.344290e+00
2321,CCDC61,2.986649e+00,1.317154e+00,6.772235e+00
4126,EIF6,2.996438e+00,1.344763e+00,6.676745e+00
6861,KRT6C,3.000349e+00,1.409717e+00,6.385749e+00
6633,KIAA0895,3.004586e+00,1.350458e+00,6.684793e+00
4985,FRMD8,3.011068e+00,1.385010e+00,6.546185e+00
5764,HGD,3.016502e+00,1.283095e+00,7.091667e+00
12408,STRN4,3.018561e+00,1.433426e+00,6.356593e+00
5875,HMGB2,3.020644e+00,1.341299e+00,6.802577e+00
11120,SAC3D1,3.022628e+00,1.435058e+00,6.366488e+00
14851,ZNF8,3.022661e+00,1.373354e+00,6.652679e+00
4084,EIF2B4,3.026741e+00,1.407486e+00,6.508885e+00
5364,GOLGA2,3.027909e+00,1.398046e+00,6.557893e+00
4629,FAM84B,3.031404e+00,1.370178e+00,6.706724e+00
3757,DNAJC10,3.033123e+00,1.217293e+00,7.557620e+00
12849,TIMM10,3.036974e+00,1.306426e+00,7.059880e+00
3300,CTU1,3.044560e+00,1.427770e+00,6.492186e+00
7410,LYPD3,3.048772e+00,1.282442e+00,7.247900e+00
12903,TM4SF1,3.050283e+00,1.377090e+00,6.756443e+00
578,ANXA10,3.053170e+00,1.277254e+00,7.298348e+00
2669,CEP152,3.063318e+00,1.401020e+00,6.697917e+00
1219,BLOC1S3,3.065709e+00,1.331721e+00,7.057463e+00
13108,TMEM64,3.067024e+00,1.253533e+00,7.504103e+00
5825,HIST2H2AC,3.067247e+00,1.256443e+00,7.487807e+00
438,ALKBH6,3.082420e+00,1.391248e+00,6.829344e+00
5819,HIST1H4C,3.102681e+00,1.451430e+00,6.632515e+00
11906,SLMO1,3.104720e+00,1.382255e+00,6.973592e+00
4094,EIF3B,3.111858e+00,1.390156e+00,6.965881e+00
2307,CCDC43,3.113692e+00,1.218869e+00,7.954155e+00
13130,TMEM93,3.126258e+00,1.334369e+00,7.324428e+00
14259,ZC3H15,3.127372e+00,1.290526e+00,7.578663e+00
248,ADH6,3.145652e+00,1.272239e+00,7.777723e+00
3198,CRYZ,3.157866e+00,1.398305e+00,7.131577e+00
1615,C19orf48,3.164751e+00,1.487287e+00,6.734176e+00
2720,CHAF1B,3.165988e+00,1.263673e+00,7.932020e+00
343,AHSA1,3.166773e+00,1.392317e+00,7.202710e+00
11136,SAMD4B,3.185994e+00,1.326523e+00,7.652002e+00
13307,TRAF2,3.186198e+00,1.191667e+00,8.519037e+00
9842,PPAT,3.190191e+00,1.411441e+00,7.210586e+00
8952,OSBPL10,3.192201e+00,1.373789e+00,7.417545e+00
8601,NKIRAS2,3.193667e+00,1.238417e+00,8.235922e+00
8268,MYPOP,3.204554e+00,1.339139e+00,7.668484e+00
6445,JMJD6,3.214250e+00,1.209536e+00,8.541623e+00
143,ACP1,3.218532e+00,1.424256e+00,7.273234e+00
9156,PCDHA11,3.230069e+00,1.414170e+00,7.377716e+00
13899,VGF,3.234354e+00,1.313989e+00,7.961289e+00
14788,ZNF75A,3.247278e+00,1.364702e+00,7.726824e+00
11380,SERHL,3.253750e+00,1.460359e+00,7.249515e+00
5077,GAD1,3.255792e+00,1.443965e+00,7.341023e+00
13391,TRIM7,3.256070e+00,1.442977e+00,7.347307e+00
11617,SIX5,3.262926e+00,1.543479e+00,6.897852e+00
11083,RUVBL2,3.281968e+00,1.463987e+00,7.357520e+00
8119,MTA2,3.291940e+00,1.542228e+00,7.026762e+00
9711,PMS2,3.296355e+00,1.466010e+00,7.411925e+00
1089,BANF1,3.297924e+00,1.319183e+00,8.244730e+00
9047,PAICS,3.313428e+00,1.453765e+00,7.551981e+00
11132,SAMD13,3.317014e+00,1.446159e+00,7.608141e+00
5387,GOSR1,3.321155e+00,1.354087e+00,8.145766e+00
10267,PURB,3.358375e+00,1.558465e+00,7.237048e+00
10609,RELA,3.360035e+00,1.368828e+00,8.247811e+00
12118,SOX9,3.397114e+00,1.468491e+00,7.858669e+00
4488,FAM155B,3.409077e+00,1.532513e+00,7.583494e+00
10962,RPS11,3.419049e+00,1.499704e+00,7.794802e+00
10956,RPPH1,3.453812e+00,1.511638e+00,7.891319e+00
7083,LOC100130581,3.456245e+00,1.536477e+00,7.774685e+00
11893,SLCO5A1,3.490577e+00,1.572671e+00,7.747412e+00
4813,FGFBP3,3.494544e+00,1.571208e+00,7.772258e+00
6844,KRR1,3.498220e+00,1.592291e+00,7.685495e+00
9447,PHLDB3,3.499804e+00,1.479707e+00,8.277740e+00
4307,ESR1,3.505139e+00,1.544161e+00,7.956424e+00
12293,SSRP1,3.515111e+00,1.668352e+00,7.406114e+00
3929,DVL2,3.545329e+00,1.603740e+00,7.837527e+00
9155,PCDHA10,3.547170e+00,1.551604e+00,8.109298e+00
14813,ZNF787,3.594075e+00,1.629874e+00,7.925384e+00
1580,C17orf97,3.606564e+00,1.674540e+00,7.767688e+00
13444,TSEN34,3.606825e+00,1.564464e+00,8.315428e+00
894,ATF6B,3.617443e+00,1.652882e+00,7.917019e+00
6798,KLHL31,3.659992e+00,1.626671e+00,8.234944e+00
7850,MIPOL1,3.673195e+00,1.655395e+00,8.150541e+00
14462,ZNF235,3.712669e+00,1.558016e+00,8.847092e+00
10139,PSMC3IP,3.721896e+00,1.411906e+00,9.811211e+00
8940,ORC2L,3.744597e+00,1.663125e+00,8.431120e+00
10175,PTBP1,3.776730e+00,1.461749e+00,9.757960e+00
12946,TMEM104,3.839302e+00,1.560367e+00,9.446651e+00
535,ANKRD34A,3.858780e+00,1.815729e+00,8.200664e+00
10032,PRMT1,3.865037e+00,1.746810e+00,8.551880e+00
17,AARSD1,3.866058e+00,1.566152e+00,9.543398e+00
6878,L3MBTL3,3.875349e+00,1.722107e+00,8.720906e+00
146,ACP6,3.958577e+00,1.845663e+00,8.490357e+00
12421,STX1A,4.019598e+00,1.783186e+00,9.060845e+00
14638,ZNF526,4.024453e+00,1.769680e+00,9.152065e+00
7008,LIG1,4.078644e+00,1.822746e+00,9.126524e+00
14051,WDR74,4.121645e+00,1.802212e+00,9.426168e+00
9581,PLA2G4A,4.147230e+00,1.674796e+00,1.026962e+01
7963,MPHOSPH10,4.172666e+00,1.564127e+00,1.113154e+01
1053,B3GNTL1,4.227384e+00,1.712508e+00,1.043544e+01
7947,MORF4L2,4.229141e+00,1.619112e+00,1.104656e+01
4071,EIF1AD,4.250964e+00,1.633258e+00,1.106420e+01
7524,MAP3K10,4.440417e+00,1.858232e+00,1.061079e+01
5969,HPX,4.478624e+00,1.955088e+00,1.025942e+01
8345,NAT9,4.666727e+00,1.637675e+00,1.329833e+01
5544,GRWD1,4.895120e+00,2.182070e+00,1.098141e+01
6101,IER3,4.928769e+00,2.173341e+00,1.117761e+01
3690,DKK1,5.224012e+00,2.287733e+00,1.192897e+01
